feature,coefficient,abs_coefficient,training_target_min,training_target_max,schema_version,model_name,task,animal_subset,dataset_path,dataset_sha256,feature_columns,target_column,target_transform,prediction_inverse_transform,split_strategy,is_thesis_evaluation,train_period,calibration_period,selection_period,test_period,random_state,run_id,run_timestamp,producer_source_sha,packages,artifact_path
age_days,0.0,0.0,0.0,1.0,1.0,logistic_regression,classification,combined,tmp.csv,2fd574a91a78f6965d97d32d07c37f14c324872555abfbf1d5f2d7b186c596e2,"[""animal_type"", ""intake_type"", ""intake_condition"", ""sex_upon_intake"", ""age_days"", ""age_group"", ""primary_breed"", ""simplified_breed_group"", ""primary_color"", ""simplified_color_group"", ""is_black_or_dark"", ""is_named"", ""intake_year"", ""intake_month"", ""covid_period"", ""daily_temp_max"", ""daily_temp_min"", ""daily_precipitation"", ""is_extreme_heat"", ""is_rainy_day"", ""animal_311_requests_7d"", ""animal_311_requests_30d"", ""intake_volume_7d"", ""intake_volume_30d""]",classification_target,none,none,time,True,2013-2021,2022,2023,2024-2025,42,dev,2026-06-09T15:47:02.779296+00:00,1064cabc7f7ca4c0273d70e77857bd6ca8a48623,"{""pandas"": ""2.3.3"", ""scikit-learn"": ""1.8.0"", ""catboost"": ""1.2.10"", ""numpy"": ""2.4.6""}",models\classification\combined\logistic_regression.joblib
intake_year,0.0,0.0,0.0,1.0,1.0,logistic_regression,classification,combined,tmp.csv,2fd574a91a78f6965d97d32d07c37f14c324872555abfbf1d5f2d7b186c596e2,"[""animal_type"", ""intake_type"", ""intake_condition"", ""sex_upon_intake"", ""age_days"", ""age_group"", ""primary_breed"", ""simplified_breed_group"", ""primary_color"", ""simplified_color_group"", ""is_black_or_dark"", ""is_named"", ""intake_year"", ""intake_month"", ""covid_period"", ""daily_temp_max"", ""daily_temp_min"", ""daily_precipitation"", ""is_extreme_heat"", ""is_rainy_day"", ""animal_311_requests_7d"", ""animal_311_requests_30d"", ""intake_volume_7d"", ""intake_volume_30d""]",classification_target,none,none,time,True,2013-2021,2022,2023,2024-2025,42,dev,2026-06-09T15:47:02.779296+00:00,1064cabc7f7ca4c0273d70e77857bd6ca8a48623,"{""pandas"": ""2.3.3"", ""scikit-learn"": ""1.8.0"", ""catboost"": ""1.2.10"", ""numpy"": ""2.4.6""}",models\classification\combined\logistic_regression.joblib
intake_month,0.0,0.0,0.0,1.0,1.0,logistic_regression,classification,combined,tmp.csv,2fd574a91a78f6965d97d32d07c37f14c324872555abfbf1d5f2d7b186c596e2,"[""animal_type"", ""intake_type"", ""intake_condition"", ""sex_upon_intake"", ""age_days"", ""age_group"", ""primary_breed"", ""simplified_breed_group"", ""primary_color"", ""simplified_color_group"", ""is_black_or_dark"", ""is_named"", ""intake_year"", ""intake_month"", ""covid_period"", ""daily_temp_max"", ""daily_temp_min"", ""daily_precipitation"", ""is_extreme_heat"", ""is_rainy_day"", ""animal_311_requests_7d"", ""animal_311_requests_30d"", ""intake_volume_7d"", ""intake_volume_30d""]",classification_target,none,none,time,True,2013-2021,2022,2023,2024-2025,42,dev,2026-06-09T15:47:02.779296+00:00,1064cabc7f7ca4c0273d70e77857bd6ca8a48623,"{""pandas"": ""2.3.3"", ""scikit-learn"": ""1.8.0"", ""catboost"": ""1.2.10"", ""numpy"": ""2.4.6""}",models\classification\combined\logistic_regression.joblib
daily_temp_max,0.0,0.0,0.0,1.0,1.0,logistic_regression,classification,combined,tmp.csv,2fd574a91a78f6965d97d32d07c37f14c324872555abfbf1d5f2d7b186c596e2,"[""animal_type"", ""intake_type"", ""intake_condition"", ""sex_upon_intake"", ""age_days"", ""age_group"", ""primary_breed"", ""simplified_breed_group"", ""primary_color"", ""simplified_color_group"", ""is_black_or_dark"", ""is_named"", ""intake_year"", ""intake_month"", ""covid_period"", ""daily_temp_max"", ""daily_temp_min"", ""daily_precipitation"", ""is_extreme_heat"", ""is_rainy_day"", ""animal_311_requests_7d"", ""animal_311_requests_30d"", ""intake_volume_7d"", ""intake_volume_30d""]",classification_target,none,none,time,True,2013-2021,2022,2023,2024-2025,42,dev,2026-06-09T15:47:02.779296+00:00,1064cabc7f7ca4c0273d70e77857bd6ca8a48623,"{""pandas"": ""2.3.3"", ""scikit-learn"": ""1.8.0"", ""catboost"": ""1.2.10"", ""numpy"": ""2.4.6""}",models\classification\combined\logistic_regression.joblib
daily_temp_min,0.0,0.0,0.0,1.0,1.0,logistic_regression,classification,combined,tmp.csv,2fd574a91a78f6965d97d32d07c37f14c324872555abfbf1d5f2d7b186c596e2,"[""animal_type"", ""intake_type"", ""intake_condition"", ""sex_upon_intake"", ""age_days"", ""age_group"", ""primary_breed"", ""simplified_breed_group"", ""primary_color"", ""simplified_color_group"", ""is_black_or_dark"", ""is_named"", ""intake_year"", ""intake_month"", ""covid_period"", ""daily_temp_max"", ""daily_temp_min"", ""daily_precipitation"", ""is_extreme_heat"", ""is_rainy_day"", ""animal_311_requests_7d"", ""animal_311_requests_30d"", ""intake_volume_7d"", ""intake_volume_30d""]",classification_target,none,none,time,True,2013-2021,2022,2023,2024-2025,42,dev,2026-06-09T15:47:02.779296+00:00,1064cabc7f7ca4c0273d70e77857bd6ca8a48623,"{""pandas"": ""2.3.3"", ""scikit-learn"": ""1.8.0"", ""catboost"": ""1.2.10"", ""numpy"": ""2.4.6""}",models\classification\combined\logistic_regression.joblib
daily_precipitation,0.0,0.0,0.0,1.0,1.0,logistic_regression,classification,combined,tmp.csv,2fd574a91a78f6965d97d32d07c37f14c324872555abfbf1d5f2d7b186c596e2,"[""animal_type"", ""intake_type"", ""intake_condition"", ""sex_upon_intake"", ""age_days"", ""age_group"", ""primary_breed"", ""simplified_breed_group"", ""primary_color"", ""simplified_color_group"", ""is_black_or_dark"", ""is_named"", ""intake_year"", ""intake_month"", ""covid_period"", ""daily_temp_max"", ""daily_temp_min"", ""daily_precipitation"", ""is_extreme_heat"", ""is_rainy_day"", ""animal_311_requests_7d"", ""animal_311_requests_30d"", ""intake_volume_7d"", ""intake_volume_30d""]",classification_target,none,none,time,True,2013-2021,2022,2023,2024-2025,42,dev,2026-06-09T15:47:02.779296+00:00,1064cabc7f7ca4c0273d70e77857bd6ca8a48623,"{""pandas"": ""2.3.3"", ""scikit-learn"": ""1.8.0"", ""catboost"": ""1.2.10"", ""numpy"": ""2.4.6""}",models\classification\combined\logistic_regression.joblib
animal_311_requests_7d,0.0,0.0,0.0,1.0,1.0,logistic_regression,classification,combined,tmp.csv,2fd574a91a78f6965d97d32d07c37f14c324872555abfbf1d5f2d7b186c596e2,"[""animal_type"", ""intake_type"", ""intake_condition"", ""sex_upon_intake"", ""age_days"", ""age_group"", ""primary_breed"", ""simplified_breed_group"", ""primary_color"", ""simplified_color_group"", ""is_black_or_dark"", ""is_named"", ""intake_year"", ""intake_month"", ""covid_period"", ""daily_temp_max"", ""daily_temp_min"", ""daily_precipitation"", ""is_extreme_heat"", ""is_rainy_day"", ""animal_311_requests_7d"", ""animal_311_requests_30d"", ""intake_volume_7d"", ""intake_volume_30d""]",classification_target,none,none,time,True,2013-2021,2022,2023,2024-2025,42,dev,2026-06-09T15:47:02.779296+00:00,1064cabc7f7ca4c0273d70e77857bd6ca8a48623,"{""pandas"": ""2.3.3"", ""scikit-learn"": ""1.8.0"", ""catboost"": ""1.2.10"", ""numpy"": ""2.4.6""}",models\classification\combined\logistic_regression.joblib
animal_311_requests_30d,0.0,0.0,0.0,1.0,1.0,logistic_regression,classification,combined,tmp.csv,2fd574a91a78f6965d97d32d07c37f14c324872555abfbf1d5f2d7b186c596e2,"[""animal_type"", ""intake_type"", ""intake_condition"", ""sex_upon_intake"", ""age_days"", ""age_group"", ""primary_breed"", ""simplified_breed_group"", ""primary_color"", ""simplified_color_group"", ""is_black_or_dark"", ""is_named"", ""intake_year"", ""intake_month"", ""covid_period"", ""daily_temp_max"", ""daily_temp_min"", ""daily_precipitation"", ""is_extreme_heat"", ""is_rainy_day"", ""animal_311_requests_7d"", ""animal_311_requests_30d"", ""intake_volume_7d"", ""intake_volume_30d""]",classification_target,none,none,time,True,2013-2021,2022,2023,2024-2025,42,dev,2026-06-09T15:47:02.779296+00:00,1064cabc7f7ca4c0273d70e77857bd6ca8a48623,"{""pandas"": ""2.3.3"", ""scikit-learn"": ""1.8.0"", ""catboost"": ""1.2.10"", ""numpy"": ""2.4.6""}",models\classification\combined\logistic_regression.joblib
intake_volume_7d,0.0,0.0,0.0,1.0,1.0,logistic_regression,classification,combined,tmp.csv,2fd574a91a78f6965d97d32d07c37f14c324872555abfbf1d5f2d7b186c596e2,"[""animal_type"", ""intake_type"", ""intake_condition"", ""sex_upon_intake"", ""age_days"", ""age_group"", ""primary_breed"", ""simplified_breed_group"", ""primary_color"", ""simplified_color_group"", ""is_black_or_dark"", ""is_named"", ""intake_year"", ""intake_month"", ""covid_period"", ""daily_temp_max"", ""daily_temp_min"", ""daily_precipitation"", ""is_extreme_heat"", ""is_rainy_day"", ""animal_311_requests_7d"", ""animal_311_requests_30d"", ""intake_volume_7d"", ""intake_volume_30d""]",classification_target,none,none,time,True,2013-2021,2022,2023,2024-2025,42,dev,2026-06-09T15:47:02.779296+00:00,1064cabc7f7ca4c0273d70e77857bd6ca8a48623,"{""pandas"": ""2.3.3"", ""scikit-learn"": ""1.8.0"", ""catboost"": ""1.2.10"", ""numpy"": ""2.4.6""}",models\classification\combined\logistic_regression.joblib
intake_volume_30d,0.0,0.0,0.0,1.0,1.0,logistic_regression,classification,combined,tmp.csv,2fd574a91a78f6965d97d32d07c37f14c324872555abfbf1d5f2d7b186c596e2,"[""animal_type"", ""intake_type"", ""intake_condition"", ""sex_upon_intake"", ""age_days"", ""age_group"", ""primary_breed"", ""simplified_breed_group"", ""primary_color"", ""simplified_color_group"", ""is_black_or_dark"", ""is_named"", ""intake_year"", ""intake_month"", ""covid_period"", ""daily_temp_max"", ""daily_temp_min"", ""daily_precipitation"", ""is_extreme_heat"", ""is_rainy_day"", ""animal_311_requests_7d"", ""animal_311_requests_30d"", ""intake_volume_7d"", ""intake_volume_30d""]",classification_target,none,none,time,True,2013-2021,2022,2023,2024-2025,42,dev,2026-06-09T15:47:02.779296+00:00,1064cabc7f7ca4c0273d70e77857bd6ca8a48623,"{""pandas"": ""2.3.3"", ""scikit-learn"": ""1.8.0"", ""catboost"": ""1.2.10"", ""numpy"": ""2.4.6""}",models\classification\combined\logistic_regression.joblib
animal_type_infrequent_sklearn,0.0,0.0,0.0,1.0,1.0,logistic_regression,classification,combined,tmp.csv,2fd574a91a78f6965d97d32d07c37f14c324872555abfbf1d5f2d7b186c596e2,"[""animal_type"", ""intake_type"", ""intake_condition"", ""sex_upon_intake"", ""age_days"", ""age_group"", ""primary_breed"", ""simplified_breed_group"", ""primary_color"", ""simplified_color_group"", ""is_black_or_dark"", ""is_named"", ""intake_year"", ""intake_month"", ""covid_period"", ""daily_temp_max"", ""daily_temp_min"", ""daily_precipitation"", ""is_extreme_heat"", ""is_rainy_day"", ""animal_311_requests_7d"", ""animal_311_requests_30d"", ""intake_volume_7d"", ""intake_volume_30d""]",classification_target,none,none,time,True,2013-2021,2022,2023,2024-2025,42,dev,2026-06-09T15:47:02.779296+00:00,1064cabc7f7ca4c0273d70e77857bd6ca8a48623,"{""pandas"": ""2.3.3"", ""scikit-learn"": ""1.8.0"", ""catboost"": ""1.2.10"", ""numpy"": ""2.4.6""}",models\classification\combined\logistic_regression.joblib
intake_type_infrequent_sklearn,0.0,0.0,0.0,1.0,1.0,logistic_regression,classification,combined,tmp.csv,2fd574a91a78f6965d97d32d07c37f14c324872555abfbf1d5f2d7b186c596e2,"[""animal_type"", ""intake_type"", ""intake_condition"", ""sex_upon_intake"", ""age_days"", ""age_group"", ""primary_breed"", ""simplified_breed_group"", ""primary_color"", ""simplified_color_group"", ""is_black_or_dark"", ""is_named"", ""intake_year"", ""intake_month"", ""covid_period"", ""daily_temp_max"", ""daily_temp_min"", ""daily_precipitation"", ""is_extreme_heat"", ""is_rainy_day"", ""animal_311_requests_7d"", ""animal_311_requests_30d"", ""intake_volume_7d"", ""intake_volume_30d""]",classification_target,none,none,time,True,2013-2021,2022,2023,2024-2025,42,dev,2026-06-09T15:47:02.779296+00:00,1064cabc7f7ca4c0273d70e77857bd6ca8a48623,"{""pandas"": ""2.3.3"", ""scikit-learn"": ""1.8.0"", ""catboost"": ""1.2.10"", ""numpy"": ""2.4.6""}",models\classification\combined\logistic_regression.joblib
intake_condition_Normal,0.0,0.0,0.0,1.0,1.0,logistic_regression,classification,combined,tmp.csv,2fd574a91a78f6965d97d32d07c37f14c324872555abfbf1d5f2d7b186c596e2,"[""animal_type"", ""intake_type"", ""intake_condition"", ""sex_upon_intake"", ""age_days"", ""age_group"", ""primary_breed"", ""simplified_breed_group"", ""primary_color"", ""simplified_color_group"", ""is_black_or_dark"", ""is_named"", ""intake_year"", ""intake_month"", ""covid_period"", ""daily_temp_max"", ""daily_temp_min"", ""daily_precipitation"", ""is_extreme_heat"", ""is_rainy_day"", ""animal_311_requests_7d"", ""animal_311_requests_30d"", ""intake_volume_7d"", ""intake_volume_30d""]",classification_target,none,none,time,True,2013-2021,2022,2023,2024-2025,42,dev,2026-06-09T15:47:02.779296+00:00,1064cabc7f7ca4c0273d70e77857bd6ca8a48623,"{""pandas"": ""2.3.3"", ""scikit-learn"": ""1.8.0"", ""catboost"": ""1.2.10"", ""numpy"": ""2.4.6""}",models\classification\combined\logistic_regression.joblib
sex_upon_intake_infrequent_sklearn,0.0,0.0,0.0,1.0,1.0,logistic_regression,classification,combined,tmp.csv,2fd574a91a78f6965d97d32d07c37f14c324872555abfbf1d5f2d7b186c596e2,"[""animal_type"", ""intake_type"", ""intake_condition"", ""sex_upon_intake"", ""age_days"", ""age_group"", ""primary_breed"", ""simplified_breed_group"", ""primary_color"", ""simplified_color_group"", ""is_black_or_dark"", ""is_named"", ""intake_year"", ""intake_month"", ""covid_period"", ""daily_temp_max"", ""daily_temp_min"", ""daily_precipitation"", ""is_extreme_heat"", ""is_rainy_day"", ""animal_311_requests_7d"", ""animal_311_requests_30d"", ""intake_volume_7d"", ""intake_volume_30d""]",classification_target,none,none,time,True,2013-2021,2022,2023,2024-2025,42,dev,2026-06-09T15:47:02.779296+00:00,1064cabc7f7ca4c0273d70e77857bd6ca8a48623,"{""pandas"": ""2.3.3"", ""scikit-learn"": ""1.8.0"", ""catboost"": ""1.2.10"", ""numpy"": ""2.4.6""}",models\classification\combined\logistic_regression.joblib
age_group_adult,0.0,0.0,0.0,1.0,1.0,logistic_regression,classification,combined,tmp.csv,2fd574a91a78f6965d97d32d07c37f14c324872555abfbf1d5f2d7b186c596e2,"[""animal_type"", ""intake_type"", ""intake_condition"", ""sex_upon_intake"", ""age_days"", ""age_group"", ""primary_breed"", ""simplified_breed_group"", ""primary_color"", ""simplified_color_group"", ""is_black_or_dark"", ""is_named"", ""intake_year"", ""intake_month"", ""covid_period"", ""daily_temp_max"", ""daily_temp_min"", ""daily_precipitation"", ""is_extreme_heat"", ""is_rainy_day"", ""animal_311_requests_7d"", ""animal_311_requests_30d"", ""intake_volume_7d"", ""intake_volume_30d""]",classification_target,none,none,time,True,2013-2021,2022,2023,2024-2025,42,dev,2026-06-09T15:47:02.779296+00:00,1064cabc7f7ca4c0273d70e77857bd6ca8a48623,"{""pandas"": ""2.3.3"", ""scikit-learn"": ""1.8.0"", ""catboost"": ""1.2.10"", ""numpy"": ""2.4.6""}",models\classification\combined\logistic_regression.joblib
age_group_infrequent_sklearn,0.0,0.0,0.0,1.0,1.0,logistic_regression,classification,combined,tmp.csv,2fd574a91a78f6965d97d32d07c37f14c324872555abfbf1d5f2d7b186c596e2,"[""animal_type"", ""intake_type"", ""intake_condition"", ""sex_upon_intake"", ""age_days"", ""age_group"", ""primary_breed"", ""simplified_breed_group"", ""primary_color"", ""simplified_color_group"", ""is_black_or_dark"", ""is_named"", ""intake_year"", ""intake_month"", ""covid_period"", ""daily_temp_max"", ""daily_temp_min"", ""daily_precipitation"", ""is_extreme_heat"", ""is_rainy_day"", ""animal_311_requests_7d"", ""animal_311_requests_30d"", ""intake_volume_7d"", ""intake_volume_30d""]",classification_target,none,none,time,True,2013-2021,2022,2023,2024-2025,42,dev,2026-06-09T15:47:02.779296+00:00,1064cabc7f7ca4c0273d70e77857bd6ca8a48623,"{""pandas"": ""2.3.3"", ""scikit-learn"": ""1.8.0"", ""catboost"": ""1.2.10"", ""numpy"": ""2.4.6""}",models\classification\combined\logistic_regression.joblib
primary_breed_infrequent_sklearn,0.0,0.0,0.0,1.0,1.0,logistic_regression,classification,combined,tmp.csv,2fd574a91a78f6965d97d32d07c37f14c324872555abfbf1d5f2d7b186c596e2,"[""animal_type"", ""intake_type"", ""intake_condition"", ""sex_upon_intake"", ""age_days"", ""age_group"", ""primary_breed"", ""simplified_breed_group"", ""primary_color"", ""simplified_color_group"", ""is_black_or_dark"", ""is_named"", ""intake_year"", ""intake_month"", ""covid_period"", ""daily_temp_max"", ""daily_temp_min"", ""daily_precipitation"", ""is_extreme_heat"", ""is_rainy_day"", ""animal_311_requests_7d"", ""animal_311_requests_30d"", ""intake_volume_7d"", ""intake_volume_30d""]",classification_target,none,none,time,True,2013-2021,2022,2023,2024-2025,42,dev,2026-06-09T15:47:02.779296+00:00,1064cabc7f7ca4c0273d70e77857bd6ca8a48623,"{""pandas"": ""2.3.3"", ""scikit-learn"": ""1.8.0"", ""catboost"": ""1.2.10"", ""numpy"": ""2.4.6""}",models\classification\combined\logistic_regression.joblib
simplified_breed_group_infrequent_sklearn,0.0,0.0,0.0,1.0,1.0,logistic_regression,classification,combined,tmp.csv,2fd574a91a78f6965d97d32d07c37f14c324872555abfbf1d5f2d7b186c596e2,"[""animal_type"", ""intake_type"", ""intake_condition"", ""sex_upon_intake"", ""age_days"", ""age_group"", ""primary_breed"", ""simplified_breed_group"", ""primary_color"", ""simplified_color_group"", ""is_black_or_dark"", ""is_named"", ""intake_year"", ""intake_month"", ""covid_period"", ""daily_temp_max"", ""daily_temp_min"", ""daily_precipitation"", ""is_extreme_heat"", ""is_rainy_day"", ""animal_311_requests_7d"", ""animal_311_requests_30d"", ""intake_volume_7d"", ""intake_volume_30d""]",classification_target,none,none,time,True,2013-2021,2022,2023,2024-2025,42,dev,2026-06-09T15:47:02.779296+00:00,1064cabc7f7ca4c0273d70e77857bd6ca8a48623,"{""pandas"": ""2.3.3"", ""scikit-learn"": ""1.8.0"", ""catboost"": ""1.2.10"", ""numpy"": ""2.4.6""}",models\classification\combined\logistic_regression.joblib
primary_color_infrequent_sklearn,0.0,0.0,0.0,1.0,1.0,logistic_regression,classification,combined,tmp.csv,2fd574a91a78f6965d97d32d07c37f14c324872555abfbf1d5f2d7b186c596e2,"[""animal_type"", ""intake_type"", ""intake_condition"", ""sex_upon_intake"", ""age_days"", ""age_group"", ""primary_breed"", ""simplified_breed_group"", ""primary_color"", ""simplified_color_group"", ""is_black_or_dark"", ""is_named"", ""intake_year"", ""intake_month"", ""covid_period"", ""daily_temp_max"", ""daily_temp_min"", ""daily_precipitation"", ""is_extreme_heat"", ""is_rainy_day"", ""animal_311_requests_7d"", ""animal_311_requests_30d"", ""intake_volume_7d"", ""intake_volume_30d""]",classification_target,none,none,time,True,2013-2021,2022,2023,2024-2025,42,dev,2026-06-09T15:47:02.779296+00:00,1064cabc7f7ca4c0273d70e77857bd6ca8a48623,"{""pandas"": ""2.3.3"", ""scikit-learn"": ""1.8.0"", ""catboost"": ""1.2.10"", ""numpy"": ""2.4.6""}",models\classification\combined\logistic_regression.joblib
simplified_color_group_infrequent_sklearn,0.0,0.0,0.0,1.0,1.0,logistic_regression,classification,combined,tmp.csv,2fd574a91a78f6965d97d32d07c37f14c324872555abfbf1d5f2d7b186c596e2,"[""animal_type"", ""intake_type"", ""intake_condition"", ""sex_upon_intake"", ""age_days"", ""age_group"", ""primary_breed"", ""simplified_breed_group"", ""primary_color"", ""simplified_color_group"", ""is_black_or_dark"", ""is_named"", ""intake_year"", ""intake_month"", ""covid_period"", ""daily_temp_max"", ""daily_temp_min"", ""daily_precipitation"", ""is_extreme_heat"", ""is_rainy_day"", ""animal_311_requests_7d"", ""animal_311_requests_30d"", ""intake_volume_7d"", ""intake_volume_30d""]",classification_target,none,none,time,True,2013-2021,2022,2023,2024-2025,42,dev,2026-06-09T15:47:02.779296+00:00,1064cabc7f7ca4c0273d70e77857bd6ca8a48623,"{""pandas"": ""2.3.3"", ""scikit-learn"": ""1.8.0"", ""catboost"": ""1.2.10"", ""numpy"": ""2.4.6""}",models\classification\combined\logistic_regression.joblib
is_black_or_dark_infrequent_sklearn,0.0,0.0,0.0,1.0,1.0,logistic_regression,classification,combined,tmp.csv,2fd574a91a78f6965d97d32d07c37f14c324872555abfbf1d5f2d7b186c596e2,"[""animal_type"", ""intake_type"", ""intake_condition"", ""sex_upon_intake"", ""age_days"", ""age_group"", ""primary_breed"", ""simplified_breed_group"", ""primary_color"", ""simplified_color_group"", ""is_black_or_dark"", ""is_named"", ""intake_year"", ""intake_month"", ""covid_period"", ""daily_temp_max"", ""daily_temp_min"", ""daily_precipitation"", ""is_extreme_heat"", ""is_rainy_day"", ""animal_311_requests_7d"", ""animal_311_requests_30d"", ""intake_volume_7d"", ""intake_volume_30d""]",classification_target,none,none,time,True,2013-2021,2022,2023,2024-2025,42,dev,2026-06-09T15:47:02.779296+00:00,1064cabc7f7ca4c0273d70e77857bd6ca8a48623,"{""pandas"": ""2.3.3"", ""scikit-learn"": ""1.8.0"", ""catboost"": ""1.2.10"", ""numpy"": ""2.4.6""}",models\classification\combined\logistic_regression.joblib
is_named_infrequent_sklearn,0.0,0.0,0.0,1.0,1.0,logistic_regression,classification,combined,tmp.csv,2fd574a91a78f6965d97d32d07c37f14c324872555abfbf1d5f2d7b186c596e2,"[""animal_type"", ""intake_type"", ""intake_condition"", ""sex_upon_intake"", ""age_days"", ""age_group"", ""primary_breed"", ""simplified_breed_group"", ""primary_color"", ""simplified_color_group"", ""is_black_or_dark"", ""is_named"", ""intake_year"", ""intake_month"", ""covid_period"", ""daily_temp_max"", ""daily_temp_min"", ""daily_precipitation"", ""is_extreme_heat"", ""is_rainy_day"", ""animal_311_requests_7d"", ""animal_311_requests_30d"", ""intake_volume_7d"", ""intake_volume_30d""]",classification_target,none,none,time,True,2013-2021,2022,2023,2024-2025,42,dev,2026-06-09T15:47:02.779296+00:00,1064cabc7f7ca4c0273d70e77857bd6ca8a48623,"{""pandas"": ""2.3.3"", ""scikit-learn"": ""1.8.0"", ""catboost"": ""1.2.10"", ""numpy"": ""2.4.6""}",models\classification\combined\logistic_regression.joblib
covid_period_infrequent_sklearn,0.0,0.0,0.0,1.0,1.0,logistic_regression,classification,combined,tmp.csv,2fd574a91a78f6965d97d32d07c37f14c324872555abfbf1d5f2d7b186c596e2,"[""animal_type"", ""intake_type"", ""intake_condition"", ""sex_upon_intake"", ""age_days"", ""age_group"", ""primary_breed"", ""simplified_breed_group"", ""primary_color"", ""simplified_color_group"", ""is_black_or_dark"", ""is_named"", ""intake_year"", ""intake_month"", ""covid_period"", ""daily_temp_max"", ""daily_temp_min"", ""daily_precipitation"", ""is_extreme_heat"", ""is_rainy_day"", ""animal_311_requests_7d"", ""animal_311_requests_30d"", ""intake_volume_7d"", ""intake_volume_30d""]",classification_target,none,none,time,True,2013-2021,2022,2023,2024-2025,42,dev,2026-06-09T15:47:02.779296+00:00,1064cabc7f7ca4c0273d70e77857bd6ca8a48623,"{""pandas"": ""2.3.3"", ""scikit-learn"": ""1.8.0"", ""catboost"": ""1.2.10"", ""numpy"": ""2.4.6""}",models\classification\combined\logistic_regression.joblib
is_extreme_heat_False,0.0,0.0,0.0,1.0,1.0,logistic_regression,classification,combined,tmp.csv,2fd574a91a78f6965d97d32d07c37f14c324872555abfbf1d5f2d7b186c596e2,"[""animal_type"", ""intake_type"", ""intake_condition"", ""sex_upon_intake"", ""age_days"", ""age_group"", ""primary_breed"", ""simplified_breed_group"", ""primary_color"", ""simplified_color_group"", ""is_black_or_dark"", ""is_named"", ""intake_year"", ""intake_month"", ""covid_period"", ""daily_temp_max"", ""daily_temp_min"", ""daily_precipitation"", ""is_extreme_heat"", ""is_rainy_day"", ""animal_311_requests_7d"", ""animal_311_requests_30d"", ""intake_volume_7d"", ""intake_volume_30d""]",classification_target,none,none,time,True,2013-2021,2022,2023,2024-2025,42,dev,2026-06-09T15:47:02.779296+00:00,1064cabc7f7ca4c0273d70e77857bd6ca8a48623,"{""pandas"": ""2.3.3"", ""scikit-learn"": ""1.8.0"", ""catboost"": ""1.2.10"", ""numpy"": ""2.4.6""}",models\classification\combined\logistic_regression.joblib
is_extreme_heat_infrequent_sklearn,0.0,0.0,0.0,1.0,1.0,logistic_regression,classification,combined,tmp.csv,2fd574a91a78f6965d97d32d07c37f14c324872555abfbf1d5f2d7b186c596e2,"[""animal_type"", ""intake_type"", ""intake_condition"", ""sex_upon_intake"", ""age_days"", ""age_group"", ""primary_breed"", ""simplified_breed_group"", ""primary_color"", ""simplified_color_group"", ""is_black_or_dark"", ""is_named"", ""intake_year"", ""intake_month"", ""covid_period"", ""daily_temp_max"", ""daily_temp_min"", ""daily_precipitation"", ""is_extreme_heat"", ""is_rainy_day"", ""animal_311_requests_7d"", ""animal_311_requests_30d"", ""intake_volume_7d"", ""intake_volume_30d""]",classification_target,none,none,time,True,2013-2021,2022,2023,2024-2025,42,dev,2026-06-09T15:47:02.779296+00:00,1064cabc7f7ca4c0273d70e77857bd6ca8a48623,"{""pandas"": ""2.3.3"", ""scikit-learn"": ""1.8.0"", ""catboost"": ""1.2.10"", ""numpy"": ""2.4.6""}",models\classification\combined\logistic_regression.joblib
is_rainy_day_False,0.0,0.0,0.0,1.0,1.0,logistic_regression,classification,combined,tmp.csv,2fd574a91a78f6965d97d32d07c37f14c324872555abfbf1d5f2d7b186c596e2,"[""animal_type"", ""intake_type"", ""intake_condition"", ""sex_upon_intake"", ""age_days"", ""age_group"", ""primary_breed"", ""simplified_breed_group"", ""primary_color"", ""simplified_color_group"", ""is_black_or_dark"", ""is_named"", ""intake_year"", ""intake_month"", ""covid_period"", ""daily_temp_max"", ""daily_temp_min"", ""daily_precipitation"", ""is_extreme_heat"", ""is_rainy_day"", ""animal_311_requests_7d"", ""animal_311_requests_30d"", ""intake_volume_7d"", ""intake_volume_30d""]",classification_target,none,none,time,True,2013-2021,2022,2023,2024-2025,42,dev,2026-06-09T15:47:02.779296+00:00,1064cabc7f7ca4c0273d70e77857bd6ca8a48623,"{""pandas"": ""2.3.3"", ""scikit-learn"": ""1.8.0"", ""catboost"": ""1.2.10"", ""numpy"": ""2.4.6""}",models\classification\combined\logistic_regression.joblib
is_rainy_day_infrequent_sklearn,0.0,0.0,0.0,1.0,1.0,logistic_regression,classification,combined,tmp.csv,2fd574a91a78f6965d97d32d07c37f14c324872555abfbf1d5f2d7b186c596e2,"[""animal_type"", ""intake_type"", ""intake_condition"", ""sex_upon_intake"", ""age_days"", ""age_group"", ""primary_breed"", ""simplified_breed_group"", ""primary_color"", ""simplified_color_group"", ""is_black_or_dark"", ""is_named"", ""intake_year"", ""intake_month"", ""covid_period"", ""daily_temp_max"", ""daily_temp_min"", ""daily_precipitation"", ""is_extreme_heat"", ""is_rainy_day"", ""animal_311_requests_7d"", ""animal_311_requests_30d"", ""intake_volume_7d"", ""intake_volume_30d""]",classification_target,none,none,time,True,2013-2021,2022,2023,2024-2025,42,dev,2026-06-09T15:47:02.779296+00:00,1064cabc7f7ca4c0273d70e77857bd6ca8a48623,"{""pandas"": ""2.3.3"", ""scikit-learn"": ""1.8.0"", ""catboost"": ""1.2.10"", ""numpy"": ""2.4.6""}",models\classification\combined\logistic_regression.joblib
daily_precipitation,0.017952181760586584,0.017952181760586584,0.0,1.0,1.0,logistic_regression,classification,dogs,tmp.csv,2fd574a91a78f6965d97d32d07c37f14c324872555abfbf1d5f2d7b186c596e2,"[""animal_type"", ""intake_type"", ""intake_condition"", ""sex_upon_intake"", ""age_days"", ""age_group"", ""primary_breed"", ""simplified_breed_group"", ""primary_color"", ""simplified_color_group"", ""is_black_or_dark"", ""is_named"", ""intake_year"", ""intake_month"", ""covid_period"", ""daily_temp_max"", ""daily_temp_min"", ""daily_precipitation"", ""is_extreme_heat"", ""is_rainy_day"", ""animal_311_requests_7d"", ""animal_311_requests_30d"", ""intake_volume_7d"", ""intake_volume_30d""]",classification_target,none,none,time,True,2013-2021,2022,2023,2024-2025,42,dev,2026-06-09T15:47:02.779296+00:00,1064cabc7f7ca4c0273d70e77857bd6ca8a48623,"{""pandas"": ""2.3.3"", ""scikit-learn"": ""1.8.0"", ""catboost"": ""1.2.10"", ""numpy"": ""2.4.6""}",models\classification\dogs\logistic_regression.joblib
age_days,-0.0007353350130157793,0.0007353350130157793,0.0,1.0,1.0,logistic_regression,classification,dogs,tmp.csv,2fd574a91a78f6965d97d32d07c37f14c324872555abfbf1d5f2d7b186c596e2,"[""animal_type"", ""intake_type"", ""intake_condition"", ""sex_upon_intake"", ""age_days"", ""age_group"", ""primary_breed"", ""simplified_breed_group"", ""primary_color"", ""simplified_color_group"", ""is_black_or_dark"", ""is_named"", ""intake_year"", ""intake_month"", ""covid_period"", ""daily_temp_max"", ""daily_temp_min"", ""daily_precipitation"", ""is_extreme_heat"", ""is_rainy_day"", ""animal_311_requests_7d"", ""animal_311_requests_30d"", ""intake_volume_7d"", ""intake_volume_30d""]",classification_target,none,none,time,True,2013-2021,2022,2023,2024-2025,42,dev,2026-06-09T15:47:02.779296+00:00,1064cabc7f7ca4c0273d70e77857bd6ca8a48623,"{""pandas"": ""2.3.3"", ""scikit-learn"": ""1.8.0"", ""catboost"": ""1.2.10"", ""numpy"": ""2.4.6""}",models\classification\dogs\logistic_regression.joblib
daily_temp_max,-0.0007353350130157793,0.0007353350130157793,0.0,1.0,1.0,logistic_regression,classification,dogs,tmp.csv,2fd574a91a78f6965d97d32d07c37f14c324872555abfbf1d5f2d7b186c596e2,"[""animal_type"", ""intake_type"", ""intake_condition"", ""sex_upon_intake"", ""age_days"", ""age_group"", ""primary_breed"", ""simplified_breed_group"", ""primary_color"", ""simplified_color_group"", ""is_black_or_dark"", ""is_named"", ""intake_year"", ""intake_month"", ""covid_period"", ""daily_temp_max"", ""daily_temp_min"", ""daily_precipitation"", ""is_extreme_heat"", ""is_rainy_day"", ""animal_311_requests_7d"", ""animal_311_requests_30d"", ""intake_volume_7d"", ""intake_volume_30d""]",classification_target,none,none,time,True,2013-2021,2022,2023,2024-2025,42,dev,2026-06-09T15:47:02.779296+00:00,1064cabc7f7ca4c0273d70e77857bd6ca8a48623,"{""pandas"": ""2.3.3"", ""scikit-learn"": ""1.8.0"", ""catboost"": ""1.2.10"", ""numpy"": ""2.4.6""}",models\classification\dogs\logistic_regression.joblib
intake_month,-0.0007353350130157793,0.0007353350130157793,0.0,1.0,1.0,logistic_regression,classification,dogs,tmp.csv,2fd574a91a78f6965d97d32d07c37f14c324872555abfbf1d5f2d7b186c596e2,"[""animal_type"", ""intake_type"", ""intake_condition"", ""sex_upon_intake"", ""age_days"", ""age_group"", ""primary_breed"", ""simplified_breed_group"", ""primary_color"", ""simplified_color_group"", ""is_black_or_dark"", ""is_named"", ""intake_year"", ""intake_month"", ""covid_period"", ""daily_temp_max"", ""daily_temp_min"", ""daily_precipitation"", ""is_extreme_heat"", ""is_rainy_day"", ""animal_311_requests_7d"", ""animal_311_requests_30d"", ""intake_volume_7d"", ""intake_volume_30d""]",classification_target,none,none,time,True,2013-2021,2022,2023,2024-2025,42,dev,2026-06-09T15:47:02.779296+00:00,1064cabc7f7ca4c0273d70e77857bd6ca8a48623,"{""pandas"": ""2.3.3"", ""scikit-learn"": ""1.8.0"", ""catboost"": ""1.2.10"", ""numpy"": ""2.4.6""}",models\classification\dogs\logistic_regression.joblib
animal_311_requests_7d,-0.0007353350130157793,0.0007353350130157793,0.0,1.0,1.0,logistic_regression,classification,dogs,tmp.csv,2fd574a91a78f6965d97d32d07c37f14c324872555abfbf1d5f2d7b186c596e2,"[""animal_type"", ""intake_type"", ""intake_condition"", ""sex_upon_intake"", ""age_days"", ""age_group"", ""primary_breed"", ""simplified_breed_group"", ""primary_color"", ""simplified_color_group"", ""is_black_or_dark"", ""is_named"", ""intake_year"", ""intake_month"", ""covid_period"", ""daily_temp_max"", ""daily_temp_min"", ""daily_precipitation"", ""is_extreme_heat"", ""is_rainy_day"", ""animal_311_requests_7d"", ""animal_311_requests_30d"", ""intake_volume_7d"", ""intake_volume_30d""]",classification_target,none,none,time,True,2013-2021,2022,2023,2024-2025,42,dev,2026-06-09T15:47:02.779296+00:00,1064cabc7f7ca4c0273d70e77857bd6ca8a48623,"{""pandas"": ""2.3.3"", ""scikit-learn"": ""1.8.0"", ""catboost"": ""1.2.10"", ""numpy"": ""2.4.6""}",models\classification\dogs\logistic_regression.joblib
daily_temp_min,-0.0007353350130157793,0.0007353350130157793,0.0,1.0,1.0,logistic_regression,classification,dogs,tmp.csv,2fd574a91a78f6965d97d32d07c37f14c324872555abfbf1d5f2d7b186c596e2,"[""animal_type"", ""intake_type"", ""intake_condition"", ""sex_upon_intake"", ""age_days"", ""age_group"", ""primary_breed"", ""simplified_breed_group"", ""primary_color"", ""simplified_color_group"", ""is_black_or_dark"", ""is_named"", ""intake_year"", ""intake_month"", ""covid_period"", ""daily_temp_max"", ""daily_temp_min"", ""daily_precipitation"", ""is_extreme_heat"", ""is_rainy_day"", ""animal_311_requests_7d"", ""animal_311_requests_30d"", ""intake_volume_7d"", ""intake_volume_30d""]",classification_target,none,none,time,True,2013-2021,2022,2023,2024-2025,42,dev,2026-06-09T15:47:02.779296+00:00,1064cabc7f7ca4c0273d70e77857bd6ca8a48623,"{""pandas"": ""2.3.3"", ""scikit-learn"": ""1.8.0"", ""catboost"": ""1.2.10"", ""numpy"": ""2.4.6""}",models\classification\dogs\logistic_regression.joblib
animal_311_requests_30d,-0.0007353350130157793,0.0007353350130157793,0.0,1.0,1.0,logistic_regression,classification,dogs,tmp.csv,2fd574a91a78f6965d97d32d07c37f14c324872555abfbf1d5f2d7b186c596e2,"[""animal_type"", ""intake_type"", ""intake_condition"", ""sex_upon_intake"", ""age_days"", ""age_group"", ""primary_breed"", ""simplified_breed_group"", ""primary_color"", ""simplified_color_group"", ""is_black_or_dark"", ""is_named"", ""intake_year"", ""intake_month"", ""covid_period"", ""daily_temp_max"", ""daily_temp_min"", ""daily_precipitation"", ""is_extreme_heat"", ""is_rainy_day"", ""animal_311_requests_7d"", ""animal_311_requests_30d"", ""intake_volume_7d"", ""intake_volume_30d""]",classification_target,none,none,time,True,2013-2021,2022,2023,2024-2025,42,dev,2026-06-09T15:47:02.779296+00:00,1064cabc7f7ca4c0273d70e77857bd6ca8a48623,"{""pandas"": ""2.3.3"", ""scikit-learn"": ""1.8.0"", ""catboost"": ""1.2.10"", ""numpy"": ""2.4.6""}",models\classification\dogs\logistic_regression.joblib
intake_volume_7d,-0.0007353350130157793,0.0007353350130157793,0.0,1.0,1.0,logistic_regression,classification,dogs,tmp.csv,2fd574a91a78f6965d97d32d07c37f14c324872555abfbf1d5f2d7b186c596e2,"[""animal_type"", ""intake_type"", ""intake_condition"", ""sex_upon_intake"", ""age_days"", ""age_group"", ""primary_breed"", ""simplified_breed_group"", ""primary_color"", ""simplified_color_group"", ""is_black_or_dark"", ""is_named"", ""intake_year"", ""intake_month"", ""covid_period"", ""daily_temp_max"", ""daily_temp_min"", ""daily_precipitation"", ""is_extreme_heat"", ""is_rainy_day"", ""animal_311_requests_7d"", ""animal_311_requests_30d"", ""intake_volume_7d"", ""intake_volume_30d""]",classification_target,none,none,time,True,2013-2021,2022,2023,2024-2025,42,dev,2026-06-09T15:47:02.779296+00:00,1064cabc7f7ca4c0273d70e77857bd6ca8a48623,"{""pandas"": ""2.3.3"", ""scikit-learn"": ""1.8.0"", ""catboost"": ""1.2.10"", ""numpy"": ""2.4.6""}",models\classification\dogs\logistic_regression.joblib
intake_volume_30d,-0.0007353350130157793,0.0007353350130157793,0.0,1.0,1.0,logistic_regression,classification,dogs,tmp.csv,2fd574a91a78f6965d97d32d07c37f14c324872555abfbf1d5f2d7b186c596e2,"[""animal_type"", ""intake_type"", ""intake_condition"", ""sex_upon_intake"", ""age_days"", ""age_group"", ""primary_breed"", ""simplified_breed_group"", ""primary_color"", ""simplified_color_group"", ""is_black_or_dark"", ""is_named"", ""intake_year"", ""intake_month"", ""covid_period"", ""daily_temp_max"", ""daily_temp_min"", ""daily_precipitation"", ""is_extreme_heat"", ""is_rainy_day"", ""animal_311_requests_7d"", ""animal_311_requests_30d"", ""intake_volume_7d"", ""intake_volume_30d""]",classification_target,none,none,time,True,2013-2021,2022,2023,2024-2025,42,dev,2026-06-09T15:47:02.779296+00:00,1064cabc7f7ca4c0273d70e77857bd6ca8a48623,"{""pandas"": ""2.3.3"", ""scikit-learn"": ""1.8.0"", ""catboost"": ""1.2.10"", ""numpy"": ""2.4.6""}",models\classification\dogs\logistic_regression.joblib
simplified_breed_group_infrequent_sklearn,1.3031840529504513e-05,1.3031840529504513e-05,0.0,1.0,1.0,logistic_regression,classification,dogs,tmp.csv,2fd574a91a78f6965d97d32d07c37f14c324872555abfbf1d5f2d7b186c596e2,"[""animal_type"", ""intake_type"", ""intake_condition"", ""sex_upon_intake"", ""age_days"", ""age_group"", ""primary_breed"", ""simplified_breed_group"", ""primary_color"", ""simplified_color_group"", ""is_black_or_dark"", ""is_named"", ""intake_year"", ""intake_month"", ""covid_period"", ""daily_temp_max"", ""daily_temp_min"", ""daily_precipitation"", ""is_extreme_heat"", ""is_rainy_day"", ""animal_311_requests_7d"", ""animal_311_requests_30d"", ""intake_volume_7d"", ""intake_volume_30d""]",classification_target,none,none,time,True,2013-2021,2022,2023,2024-2025,42,dev,2026-06-09T15:47:02.779296+00:00,1064cabc7f7ca4c0273d70e77857bd6ca8a48623,"{""pandas"": ""2.3.3"", ""scikit-learn"": ""1.8.0"", ""catboost"": ""1.2.10"", ""numpy"": ""2.4.6""}",models\classification\dogs\logistic_regression.joblib
animal_type_infrequent_sklearn,1.3031840529504513e-05,1.3031840529504513e-05,0.0,1.0,1.0,logistic_regression,classification,dogs,tmp.csv,2fd574a91a78f6965d97d32d07c37f14c324872555abfbf1d5f2d7b186c596e2,"[""animal_type"", ""intake_type"", ""intake_condition"", ""sex_upon_intake"", ""age_days"", ""age_group"", ""primary_breed"", ""simplified_breed_group"", ""primary_color"", ""simplified_color_group"", ""is_black_or_dark"", ""is_named"", ""intake_year"", ""intake_month"", ""covid_period"", ""daily_temp_max"", ""daily_temp_min"", ""daily_precipitation"", ""is_extreme_heat"", ""is_rainy_day"", ""animal_311_requests_7d"", ""animal_311_requests_30d"", ""intake_volume_7d"", ""intake_volume_30d""]",classification_target,none,none,time,True,2013-2021,2022,2023,2024-2025,42,dev,2026-06-09T15:47:02.779296+00:00,1064cabc7f7ca4c0273d70e77857bd6ca8a48623,"{""pandas"": ""2.3.3"", ""scikit-learn"": ""1.8.0"", ""catboost"": ""1.2.10"", ""numpy"": ""2.4.6""}",models\classification\dogs\logistic_regression.joblib
intake_type_infrequent_sklearn,1.3031840529504513e-05,1.3031840529504513e-05,0.0,1.0,1.0,logistic_regression,classification,dogs,tmp.csv,2fd574a91a78f6965d97d32d07c37f14c324872555abfbf1d5f2d7b186c596e2,"[""animal_type"", ""intake_type"", ""intake_condition"", ""sex_upon_intake"", ""age_days"", ""age_group"", ""primary_breed"", ""simplified_breed_group"", ""primary_color"", ""simplified_color_group"", ""is_black_or_dark"", ""is_named"", ""intake_year"", ""intake_month"", ""covid_period"", ""daily_temp_max"", ""daily_temp_min"", ""daily_precipitation"", ""is_extreme_heat"", ""is_rainy_day"", ""animal_311_requests_7d"", ""animal_311_requests_30d"", ""intake_volume_7d"", ""intake_volume_30d""]",classification_target,none,none,time,True,2013-2021,2022,2023,2024-2025,42,dev,2026-06-09T15:47:02.779296+00:00,1064cabc7f7ca4c0273d70e77857bd6ca8a48623,"{""pandas"": ""2.3.3"", ""scikit-learn"": ""1.8.0"", ""catboost"": ""1.2.10"", ""numpy"": ""2.4.6""}",models\classification\dogs\logistic_regression.joblib
intake_condition_infrequent_sklearn,1.3031840529504513e-05,1.3031840529504513e-05,0.0,1.0,1.0,logistic_regression,classification,dogs,tmp.csv,2fd574a91a78f6965d97d32d07c37f14c324872555abfbf1d5f2d7b186c596e2,"[""animal_type"", ""intake_type"", ""intake_condition"", ""sex_upon_intake"", ""age_days"", ""age_group"", ""primary_breed"", ""simplified_breed_group"", ""primary_color"", ""simplified_color_group"", ""is_black_or_dark"", ""is_named"", ""intake_year"", ""intake_month"", ""covid_period"", ""daily_temp_max"", ""daily_temp_min"", ""daily_precipitation"", ""is_extreme_heat"", ""is_rainy_day"", ""animal_311_requests_7d"", ""animal_311_requests_30d"", ""intake_volume_7d"", ""intake_volume_30d""]",classification_target,none,none,time,True,2013-2021,2022,2023,2024-2025,42,dev,2026-06-09T15:47:02.779296+00:00,1064cabc7f7ca4c0273d70e77857bd6ca8a48623,"{""pandas"": ""2.3.3"", ""scikit-learn"": ""1.8.0"", ""catboost"": ""1.2.10"", ""numpy"": ""2.4.6""}",models\classification\dogs\logistic_regression.joblib
sex_upon_intake_infrequent_sklearn,1.3031840529504513e-05,1.3031840529504513e-05,0.0,1.0,1.0,logistic_regression,classification,dogs,tmp.csv,2fd574a91a78f6965d97d32d07c37f14c324872555abfbf1d5f2d7b186c596e2,"[""animal_type"", ""intake_type"", ""intake_condition"", ""sex_upon_intake"", ""age_days"", ""age_group"", ""primary_breed"", ""simplified_breed_group"", ""primary_color"", ""simplified_color_group"", ""is_black_or_dark"", ""is_named"", ""intake_year"", ""intake_month"", ""covid_period"", ""daily_temp_max"", ""daily_temp_min"", ""daily_precipitation"", ""is_extreme_heat"", ""is_rainy_day"", ""animal_311_requests_7d"", ""animal_311_requests_30d"", ""intake_volume_7d"", ""intake_volume_30d""]",classification_target,none,none,time,True,2013-2021,2022,2023,2024-2025,42,dev,2026-06-09T15:47:02.779296+00:00,1064cabc7f7ca4c0273d70e77857bd6ca8a48623,"{""pandas"": ""2.3.3"", ""scikit-learn"": ""1.8.0"", ""catboost"": ""1.2.10"", ""numpy"": ""2.4.6""}",models\classification\dogs\logistic_regression.joblib
age_group_infrequent_sklearn,1.3031840529504513e-05,1.3031840529504513e-05,0.0,1.0,1.0,logistic_regression,classification,dogs,tmp.csv,2fd574a91a78f6965d97d32d07c37f14c324872555abfbf1d5f2d7b186c596e2,"[""animal_type"", ""intake_type"", ""intake_condition"", ""sex_upon_intake"", ""age_days"", ""age_group"", ""primary_breed"", ""simplified_breed_group"", ""primary_color"", ""simplified_color_group"", ""is_black_or_dark"", ""is_named"", ""intake_year"", ""intake_month"", ""covid_period"", ""daily_temp_max"", ""daily_temp_min"", ""daily_precipitation"", ""is_extreme_heat"", ""is_rainy_day"", ""animal_311_requests_7d"", ""animal_311_requests_30d"", ""intake_volume_7d"", ""intake_volume_30d""]",classification_target,none,none,time,True,2013-2021,2022,2023,2024-2025,42,dev,2026-06-09T15:47:02.779296+00:00,1064cabc7f7ca4c0273d70e77857bd6ca8a48623,"{""pandas"": ""2.3.3"", ""scikit-learn"": ""1.8.0"", ""catboost"": ""1.2.10"", ""numpy"": ""2.4.6""}",models\classification\dogs\logistic_regression.joblib
primary_breed_infrequent_sklearn,1.3031840529504513e-05,1.3031840529504513e-05,0.0,1.0,1.0,logistic_regression,classification,dogs,tmp.csv,2fd574a91a78f6965d97d32d07c37f14c324872555abfbf1d5f2d7b186c596e2,"[""animal_type"", ""intake_type"", ""intake_condition"", ""sex_upon_intake"", ""age_days"", ""age_group"", ""primary_breed"", ""simplified_breed_group"", ""primary_color"", ""simplified_color_group"", ""is_black_or_dark"", ""is_named"", ""intake_year"", ""intake_month"", ""covid_period"", ""daily_temp_max"", ""daily_temp_min"", ""daily_precipitation"", ""is_extreme_heat"", ""is_rainy_day"", ""animal_311_requests_7d"", ""animal_311_requests_30d"", ""intake_volume_7d"", ""intake_volume_30d""]",classification_target,none,none,time,True,2013-2021,2022,2023,2024-2025,42,dev,2026-06-09T15:47:02.779296+00:00,1064cabc7f7ca4c0273d70e77857bd6ca8a48623,"{""pandas"": ""2.3.3"", ""scikit-learn"": ""1.8.0"", ""catboost"": ""1.2.10"", ""numpy"": ""2.4.6""}",models\classification\dogs\logistic_regression.joblib
is_named_infrequent_sklearn,1.3031840529504513e-05,1.3031840529504513e-05,0.0,1.0,1.0,logistic_regression,classification,dogs,tmp.csv,2fd574a91a78f6965d97d32d07c37f14c324872555abfbf1d5f2d7b186c596e2,"[""animal_type"", ""intake_type"", ""intake_condition"", ""sex_upon_intake"", ""age_days"", ""age_group"", ""primary_breed"", ""simplified_breed_group"", ""primary_color"", ""simplified_color_group"", ""is_black_or_dark"", ""is_named"", ""intake_year"", ""intake_month"", ""covid_period"", ""daily_temp_max"", ""daily_temp_min"", ""daily_precipitation"", ""is_extreme_heat"", ""is_rainy_day"", ""animal_311_requests_7d"", ""animal_311_requests_30d"", ""intake_volume_7d"", ""intake_volume_30d""]",classification_target,none,none,time,True,2013-2021,2022,2023,2024-2025,42,dev,2026-06-09T15:47:02.779296+00:00,1064cabc7f7ca4c0273d70e77857bd6ca8a48623,"{""pandas"": ""2.3.3"", ""scikit-learn"": ""1.8.0"", ""catboost"": ""1.2.10"", ""numpy"": ""2.4.6""}",models\classification\dogs\logistic_regression.joblib
primary_color_infrequent_sklearn,1.3031840529504513e-05,1.3031840529504513e-05,0.0,1.0,1.0,logistic_regression,classification,dogs,tmp.csv,2fd574a91a78f6965d97d32d07c37f14c324872555abfbf1d5f2d7b186c596e2,"[""animal_type"", ""intake_type"", ""intake_condition"", ""sex_upon_intake"", ""age_days"", ""age_group"", ""primary_breed"", ""simplified_breed_group"", ""primary_color"", ""simplified_color_group"", ""is_black_or_dark"", ""is_named"", ""intake_year"", ""intake_month"", ""covid_period"", ""daily_temp_max"", ""daily_temp_min"", ""daily_precipitation"", ""is_extreme_heat"", ""is_rainy_day"", ""animal_311_requests_7d"", ""animal_311_requests_30d"", ""intake_volume_7d"", ""intake_volume_30d""]",classification_target,none,none,time,True,2013-2021,2022,2023,2024-2025,42,dev,2026-06-09T15:47:02.779296+00:00,1064cabc7f7ca4c0273d70e77857bd6ca8a48623,"{""pandas"": ""2.3.3"", ""scikit-learn"": ""1.8.0"", ""catboost"": ""1.2.10"", ""numpy"": ""2.4.6""}",models\classification\dogs\logistic_regression.joblib
simplified_color_group_infrequent_sklearn,1.3031840529504513e-05,1.3031840529504513e-05,0.0,1.0,1.0,logistic_regression,classification,dogs,tmp.csv,2fd574a91a78f6965d97d32d07c37f14c324872555abfbf1d5f2d7b186c596e2,"[""animal_type"", ""intake_type"", ""intake_condition"", ""sex_upon_intake"", ""age_days"", ""age_group"", ""primary_breed"", ""simplified_breed_group"", ""primary_color"", ""simplified_color_group"", ""is_black_or_dark"", ""is_named"", ""intake_year"", ""intake_month"", ""covid_period"", ""daily_temp_max"", ""daily_temp_min"", ""daily_precipitation"", ""is_extreme_heat"", ""is_rainy_day"", ""animal_311_requests_7d"", ""animal_311_requests_30d"", ""intake_volume_7d"", ""intake_volume_30d""]",classification_target,none,none,time,True,2013-2021,2022,2023,2024-2025,42,dev,2026-06-09T15:47:02.779296+00:00,1064cabc7f7ca4c0273d70e77857bd6ca8a48623,"{""pandas"": ""2.3.3"", ""scikit-learn"": ""1.8.0"", ""catboost"": ""1.2.10"", ""numpy"": ""2.4.6""}",models\classification\dogs\logistic_regression.joblib
is_black_or_dark_infrequent_sklearn,1.3031840529504513e-05,1.3031840529504513e-05,0.0,1.0,1.0,logistic_regression,classification,dogs,tmp.csv,2fd574a91a78f6965d97d32d07c37f14c324872555abfbf1d5f2d7b186c596e2,"[""animal_type"", ""intake_type"", ""intake_condition"", ""sex_upon_intake"", ""age_days"", ""age_group"", ""primary_breed"", ""simplified_breed_group"", ""primary_color"", ""simplified_color_group"", ""is_black_or_dark"", ""is_named"", ""intake_year"", ""intake_month"", ""covid_period"", ""daily_temp_max"", ""daily_temp_min"", ""daily_precipitation"", ""is_extreme_heat"", ""is_rainy_day"", ""animal_311_requests_7d"", ""animal_311_requests_30d"", ""intake_volume_7d"", ""intake_volume_30d""]",classification_target,none,none,time,True,2013-2021,2022,2023,2024-2025,42,dev,2026-06-09T15:47:02.779296+00:00,1064cabc7f7ca4c0273d70e77857bd6ca8a48623,"{""pandas"": ""2.3.3"", ""scikit-learn"": ""1.8.0"", ""catboost"": ""1.2.10"", ""numpy"": ""2.4.6""}",models\classification\dogs\logistic_regression.joblib
is_extreme_heat_infrequent_sklearn,1.3031840529504513e-05,1.3031840529504513e-05,0.0,1.0,1.0,logistic_regression,classification,dogs,tmp.csv,2fd574a91a78f6965d97d32d07c37f14c324872555abfbf1d5f2d7b186c596e2,"[""animal_type"", ""intake_type"", ""intake_condition"", ""sex_upon_intake"", ""age_days"", ""age_group"", ""primary_breed"", ""simplified_breed_group"", ""primary_color"", ""simplified_color_group"", ""is_black_or_dark"", ""is_named"", ""intake_year"", ""intake_month"", ""covid_period"", ""daily_temp_max"", ""daily_temp_min"", ""daily_precipitation"", ""is_extreme_heat"", ""is_rainy_day"", ""animal_311_requests_7d"", ""animal_311_requests_30d"", ""intake_volume_7d"", ""intake_volume_30d""]",classification_target,none,none,time,True,2013-2021,2022,2023,2024-2025,42,dev,2026-06-09T15:47:02.779296+00:00,1064cabc7f7ca4c0273d70e77857bd6ca8a48623,"{""pandas"": ""2.3.3"", ""scikit-learn"": ""1.8.0"", ""catboost"": ""1.2.10"", ""numpy"": ""2.4.6""}",models\classification\dogs\logistic_regression.joblib
covid_period_infrequent_sklearn,1.3031840529504513e-05,1.3031840529504513e-05,0.0,1.0,1.0,logistic_regression,classification,dogs,tmp.csv,2fd574a91a78f6965d97d32d07c37f14c324872555abfbf1d5f2d7b186c596e2,"[""animal_type"", ""intake_type"", ""intake_condition"", ""sex_upon_intake"", ""age_days"", ""age_group"", ""primary_breed"", ""simplified_breed_group"", ""primary_color"", ""simplified_color_group"", ""is_black_or_dark"", ""is_named"", ""intake_year"", ""intake_month"", ""covid_period"", ""daily_temp_max"", ""daily_temp_min"", ""daily_precipitation"", ""is_extreme_heat"", ""is_rainy_day"", ""animal_311_requests_7d"", ""animal_311_requests_30d"", ""intake_volume_7d"", ""intake_volume_30d""]",classification_target,none,none,time,True,2013-2021,2022,2023,2024-2025,42,dev,2026-06-09T15:47:02.779296+00:00,1064cabc7f7ca4c0273d70e77857bd6ca8a48623,"{""pandas"": ""2.3.3"", ""scikit-learn"": ""1.8.0"", ""catboost"": ""1.2.10"", ""numpy"": ""2.4.6""}",models\classification\dogs\logistic_regression.joblib
is_rainy_day_infrequent_sklearn,1.3031840529504513e-05,1.3031840529504513e-05,0.0,1.0,1.0,logistic_regression,classification,dogs,tmp.csv,2fd574a91a78f6965d97d32d07c37f14c324872555abfbf1d5f2d7b186c596e2,"[""animal_type"", ""intake_type"", ""intake_condition"", ""sex_upon_intake"", ""age_days"", ""age_group"", ""primary_breed"", ""simplified_breed_group"", ""primary_color"", ""simplified_color_group"", ""is_black_or_dark"", ""is_named"", ""intake_year"", ""intake_month"", ""covid_period"", ""daily_temp_max"", ""daily_temp_min"", ""daily_precipitation"", ""is_extreme_heat"", ""is_rainy_day"", ""animal_311_requests_7d"", ""animal_311_requests_30d"", ""intake_volume_7d"", ""intake_volume_30d""]",classification_target,none,none,time,True,2013-2021,2022,2023,2024-2025,42,dev,2026-06-09T15:47:02.779296+00:00,1064cabc7f7ca4c0273d70e77857bd6ca8a48623,"{""pandas"": ""2.3.3"", ""scikit-learn"": ""1.8.0"", ""catboost"": ""1.2.10"", ""numpy"": ""2.4.6""}",models\classification\dogs\logistic_regression.joblib
intake_year,6.89456201598774e-07,6.89456201598774e-07,0.0,1.0,1.0,logistic_regression,classification,dogs,tmp.csv,2fd574a91a78f6965d97d32d07c37f14c324872555abfbf1d5f2d7b186c596e2,"[""animal_type"", ""intake_type"", ""intake_condition"", ""sex_upon_intake"", ""age_days"", ""age_group"", ""primary_breed"", ""simplified_breed_group"", ""primary_color"", ""simplified_color_group"", ""is_black_or_dark"", ""is_named"", ""intake_year"", ""intake_month"", ""covid_period"", ""daily_temp_max"", ""daily_temp_min"", ""daily_precipitation"", ""is_extreme_heat"", ""is_rainy_day"", ""animal_311_requests_7d"", ""animal_311_requests_30d"", ""intake_volume_7d"", ""intake_volume_30d""]",classification_target,none,none,time,True,2013-2021,2022,2023,2024-2025,42,dev,2026-06-09T15:47:02.779296+00:00,1064cabc7f7ca4c0273d70e77857bd6ca8a48623,"{""pandas"": ""2.3.3"", ""scikit-learn"": ""1.8.0"", ""catboost"": ""1.2.10"", ""numpy"": ""2.4.6""}",models\classification\dogs\logistic_regression.joblib
daily_precipitation,-0.01795218176058619,0.01795218176058619,0.0,1.0,1.0,logistic_regression,classification,cats,tmp.csv,2fd574a91a78f6965d97d32d07c37f14c324872555abfbf1d5f2d7b186c596e2,"[""animal_type"", ""intake_type"", ""intake_condition"", ""sex_upon_intake"", ""age_days"", ""age_group"", ""primary_breed"", ""simplified_breed_group"", ""primary_color"", ""simplified_color_group"", ""is_black_or_dark"", ""is_named"", ""intake_year"", ""intake_month"", ""covid_period"", ""daily_temp_max"", ""daily_temp_min"", ""daily_precipitation"", ""is_extreme_heat"", ""is_rainy_day"", ""animal_311_requests_7d"", ""animal_311_requests_30d"", ""intake_volume_7d"", ""intake_volume_30d""]",classification_target,none,none,time,True,2013-2021,2022,2023,2024-2025,42,dev,2026-06-09T15:47:02.779296+00:00,1064cabc7f7ca4c0273d70e77857bd6ca8a48623,"{""pandas"": ""2.3.3"", ""scikit-learn"": ""1.8.0"", ""catboost"": ""1.2.10"", ""numpy"": ""2.4.6""}",models\classification\cats\logistic_regression.joblib
age_days,0.0007353350130158181,0.0007353350130158181,0.0,1.0,1.0,logistic_regression,classification,cats,tmp.csv,2fd574a91a78f6965d97d32d07c37f14c324872555abfbf1d5f2d7b186c596e2,"[""animal_type"", ""intake_type"", ""intake_condition"", ""sex_upon_intake"", ""age_days"", ""age_group"", ""primary_breed"", ""simplified_breed_group"", ""primary_color"", ""simplified_color_group"", ""is_black_or_dark"", ""is_named"", ""intake_year"", ""intake_month"", ""covid_period"", ""daily_temp_max"", ""daily_temp_min"", ""daily_precipitation"", ""is_extreme_heat"", ""is_rainy_day"", ""animal_311_requests_7d"", ""animal_311_requests_30d"", ""intake_volume_7d"", ""intake_volume_30d""]",classification_target,none,none,time,True,2013-2021,2022,2023,2024-2025,42,dev,2026-06-09T15:47:02.779296+00:00,1064cabc7f7ca4c0273d70e77857bd6ca8a48623,"{""pandas"": ""2.3.3"", ""scikit-learn"": ""1.8.0"", ""catboost"": ""1.2.10"", ""numpy"": ""2.4.6""}",models\classification\cats\logistic_regression.joblib
daily_temp_max,0.0007353350130158181,0.0007353350130158181,0.0,1.0,1.0,logistic_regression,classification,cats,tmp.csv,2fd574a91a78f6965d97d32d07c37f14c324872555abfbf1d5f2d7b186c596e2,"[""animal_type"", ""intake_type"", ""intake_condition"", ""sex_upon_intake"", ""age_days"", ""age_group"", ""primary_breed"", ""simplified_breed_group"", ""primary_color"", ""simplified_color_group"", ""is_black_or_dark"", ""is_named"", ""intake_year"", ""intake_month"", ""covid_period"", ""daily_temp_max"", ""daily_temp_min"", ""daily_precipitation"", ""is_extreme_heat"", ""is_rainy_day"", ""animal_311_requests_7d"", ""animal_311_requests_30d"", ""intake_volume_7d"", ""intake_volume_30d""]",classification_target,none,none,time,True,2013-2021,2022,2023,2024-2025,42,dev,2026-06-09T15:47:02.779296+00:00,1064cabc7f7ca4c0273d70e77857bd6ca8a48623,"{""pandas"": ""2.3.3"", ""scikit-learn"": ""1.8.0"", ""catboost"": ""1.2.10"", ""numpy"": ""2.4.6""}",models\classification\cats\logistic_regression.joblib
intake_month,0.0007353350130158181,0.0007353350130158181,0.0,1.0,1.0,logistic_regression,classification,cats,tmp.csv,2fd574a91a78f6965d97d32d07c37f14c324872555abfbf1d5f2d7b186c596e2,"[""animal_type"", ""intake_type"", ""intake_condition"", ""sex_upon_intake"", ""age_days"", ""age_group"", ""primary_breed"", ""simplified_breed_group"", ""primary_color"", ""simplified_color_group"", ""is_black_or_dark"", ""is_named"", ""intake_year"", ""intake_month"", ""covid_period"", ""daily_temp_max"", ""daily_temp_min"", ""daily_precipitation"", ""is_extreme_heat"", ""is_rainy_day"", ""animal_311_requests_7d"", ""animal_311_requests_30d"", ""intake_volume_7d"", ""intake_volume_30d""]",classification_target,none,none,time,True,2013-2021,2022,2023,2024-2025,42,dev,2026-06-09T15:47:02.779296+00:00,1064cabc7f7ca4c0273d70e77857bd6ca8a48623,"{""pandas"": ""2.3.3"", ""scikit-learn"": ""1.8.0"", ""catboost"": ""1.2.10"", ""numpy"": ""2.4.6""}",models\classification\cats\logistic_regression.joblib
animal_311_requests_7d,0.0007353350130158181,0.0007353350130158181,0.0,1.0,1.0,logistic_regression,classification,cats,tmp.csv,2fd574a91a78f6965d97d32d07c37f14c324872555abfbf1d5f2d7b186c596e2,"[""animal_type"", ""intake_type"", ""intake_condition"", ""sex_upon_intake"", ""age_days"", ""age_group"", ""primary_breed"", ""simplified_breed_group"", ""primary_color"", ""simplified_color_group"", ""is_black_or_dark"", ""is_named"", ""intake_year"", ""intake_month"", ""covid_period"", ""daily_temp_max"", ""daily_temp_min"", ""daily_precipitation"", ""is_extreme_heat"", ""is_rainy_day"", ""animal_311_requests_7d"", ""animal_311_requests_30d"", ""intake_volume_7d"", ""intake_volume_30d""]",classification_target,none,none,time,True,2013-2021,2022,2023,2024-2025,42,dev,2026-06-09T15:47:02.779296+00:00,1064cabc7f7ca4c0273d70e77857bd6ca8a48623,"{""pandas"": ""2.3.3"", ""scikit-learn"": ""1.8.0"", ""catboost"": ""1.2.10"", ""numpy"": ""2.4.6""}",models\classification\cats\logistic_regression.joblib
daily_temp_min,0.0007353350130158181,0.0007353350130158181,0.0,1.0,1.0,logistic_regression,classification,cats,tmp.csv,2fd574a91a78f6965d97d32d07c37f14c324872555abfbf1d5f2d7b186c596e2,"[""animal_type"", ""intake_type"", ""intake_condition"", ""sex_upon_intake"", ""age_days"", ""age_group"", ""primary_breed"", ""simplified_breed_group"", ""primary_color"", ""simplified_color_group"", ""is_black_or_dark"", ""is_named"", ""intake_year"", ""intake_month"", ""covid_period"", ""daily_temp_max"", ""daily_temp_min"", ""daily_precipitation"", ""is_extreme_heat"", ""is_rainy_day"", ""animal_311_requests_7d"", ""animal_311_requests_30d"", ""intake_volume_7d"", ""intake_volume_30d""]",classification_target,none,none,time,True,2013-2021,2022,2023,2024-2025,42,dev,2026-06-09T15:47:02.779296+00:00,1064cabc7f7ca4c0273d70e77857bd6ca8a48623,"{""pandas"": ""2.3.3"", ""scikit-learn"": ""1.8.0"", ""catboost"": ""1.2.10"", ""numpy"": ""2.4.6""}",models\classification\cats\logistic_regression.joblib
animal_311_requests_30d,0.0007353350130158181,0.0007353350130158181,0.0,1.0,1.0,logistic_regression,classification,cats,tmp.csv,2fd574a91a78f6965d97d32d07c37f14c324872555abfbf1d5f2d7b186c596e2,"[""animal_type"", ""intake_type"", ""intake_condition"", ""sex_upon_intake"", ""age_days"", ""age_group"", ""primary_breed"", ""simplified_breed_group"", ""primary_color"", ""simplified_color_group"", ""is_black_or_dark"", ""is_named"", ""intake_year"", ""intake_month"", ""covid_period"", ""daily_temp_max"", ""daily_temp_min"", ""daily_precipitation"", ""is_extreme_heat"", ""is_rainy_day"", ""animal_311_requests_7d"", ""animal_311_requests_30d"", ""intake_volume_7d"", ""intake_volume_30d""]",classification_target,none,none,time,True,2013-2021,2022,2023,2024-2025,42,dev,2026-06-09T15:47:02.779296+00:00,1064cabc7f7ca4c0273d70e77857bd6ca8a48623,"{""pandas"": ""2.3.3"", ""scikit-learn"": ""1.8.0"", ""catboost"": ""1.2.10"", ""numpy"": ""2.4.6""}",models\classification\cats\logistic_regression.joblib
intake_volume_7d,0.0007353350130158181,0.0007353350130158181,0.0,1.0,1.0,logistic_regression,classification,cats,tmp.csv,2fd574a91a78f6965d97d32d07c37f14c324872555abfbf1d5f2d7b186c596e2,"[""animal_type"", ""intake_type"", ""intake_condition"", ""sex_upon_intake"", ""age_days"", ""age_group"", ""primary_breed"", ""simplified_breed_group"", ""primary_color"", ""simplified_color_group"", ""is_black_or_dark"", ""is_named"", ""intake_year"", ""intake_month"", ""covid_period"", ""daily_temp_max"", ""daily_temp_min"", ""daily_precipitation"", ""is_extreme_heat"", ""is_rainy_day"", ""animal_311_requests_7d"", ""animal_311_requests_30d"", ""intake_volume_7d"", ""intake_volume_30d""]",classification_target,none,none,time,True,2013-2021,2022,2023,2024-2025,42,dev,2026-06-09T15:47:02.779296+00:00,1064cabc7f7ca4c0273d70e77857bd6ca8a48623,"{""pandas"": ""2.3.3"", ""scikit-learn"": ""1.8.0"", ""catboost"": ""1.2.10"", ""numpy"": ""2.4.6""}",models\classification\cats\logistic_regression.joblib
intake_volume_30d,0.0007353350130158181,0.0007353350130158181,0.0,1.0,1.0,logistic_regression,classification,cats,tmp.csv,2fd574a91a78f6965d97d32d07c37f14c324872555abfbf1d5f2d7b186c596e2,"[""animal_type"", ""intake_type"", ""intake_condition"", ""sex_upon_intake"", ""age_days"", ""age_group"", ""primary_breed"", ""simplified_breed_group"", ""primary_color"", ""simplified_color_group"", ""is_black_or_dark"", ""is_named"", ""intake_year"", ""intake_month"", ""covid_period"", ""daily_temp_max"", ""daily_temp_min"", ""daily_precipitation"", ""is_extreme_heat"", ""is_rainy_day"", ""animal_311_requests_7d"", ""animal_311_requests_30d"", ""intake_volume_7d"", ""intake_volume_30d""]",classification_target,none,none,time,True,2013-2021,2022,2023,2024-2025,42,dev,2026-06-09T15:47:02.779296+00:00,1064cabc7f7ca4c0273d70e77857bd6ca8a48623,"{""pandas"": ""2.3.3"", ""scikit-learn"": ""1.8.0"", ""catboost"": ""1.2.10"", ""numpy"": ""2.4.6""}",models\classification\cats\logistic_regression.joblib
simplified_breed_group_infrequent_sklearn,-1.3031840526618575e-05,1.3031840526618575e-05,0.0,1.0,1.0,logistic_regression,classification,cats,tmp.csv,2fd574a91a78f6965d97d32d07c37f14c324872555abfbf1d5f2d7b186c596e2,"[""animal_type"", ""intake_type"", ""intake_condition"", ""sex_upon_intake"", ""age_days"", ""age_group"", ""primary_breed"", ""simplified_breed_group"", ""primary_color"", ""simplified_color_group"", ""is_black_or_dark"", ""is_named"", ""intake_year"", ""intake_month"", ""covid_period"", ""daily_temp_max"", ""daily_temp_min"", ""daily_precipitation"", ""is_extreme_heat"", ""is_rainy_day"", ""animal_311_requests_7d"", ""animal_311_requests_30d"", ""intake_volume_7d"", ""intake_volume_30d""]",classification_target,none,none,time,True,2013-2021,2022,2023,2024-2025,42,dev,2026-06-09T15:47:02.779296+00:00,1064cabc7f7ca4c0273d70e77857bd6ca8a48623,"{""pandas"": ""2.3.3"", ""scikit-learn"": ""1.8.0"", ""catboost"": ""1.2.10"", ""numpy"": ""2.4.6""}",models\classification\cats\logistic_regression.joblib
animal_type_infrequent_sklearn,-1.3031840526618575e-05,1.3031840526618575e-05,0.0,1.0,1.0,logistic_regression,classification,cats,tmp.csv,2fd574a91a78f6965d97d32d07c37f14c324872555abfbf1d5f2d7b186c596e2,"[""animal_type"", ""intake_type"", ""intake_condition"", ""sex_upon_intake"", ""age_days"", ""age_group"", ""primary_breed"", ""simplified_breed_group"", ""primary_color"", ""simplified_color_group"", ""is_black_or_dark"", ""is_named"", ""intake_year"", ""intake_month"", ""covid_period"", ""daily_temp_max"", ""daily_temp_min"", ""daily_precipitation"", ""is_extreme_heat"", ""is_rainy_day"", ""animal_311_requests_7d"", ""animal_311_requests_30d"", ""intake_volume_7d"", ""intake_volume_30d""]",classification_target,none,none,time,True,2013-2021,2022,2023,2024-2025,42,dev,2026-06-09T15:47:02.779296+00:00,1064cabc7f7ca4c0273d70e77857bd6ca8a48623,"{""pandas"": ""2.3.3"", ""scikit-learn"": ""1.8.0"", ""catboost"": ""1.2.10"", ""numpy"": ""2.4.6""}",models\classification\cats\logistic_regression.joblib
intake_type_infrequent_sklearn,-1.3031840526618575e-05,1.3031840526618575e-05,0.0,1.0,1.0,logistic_regression,classification,cats,tmp.csv,2fd574a91a78f6965d97d32d07c37f14c324872555abfbf1d5f2d7b186c596e2,"[""animal_type"", ""intake_type"", ""intake_condition"", ""sex_upon_intake"", ""age_days"", ""age_group"", ""primary_breed"", ""simplified_breed_group"", ""primary_color"", ""simplified_color_group"", ""is_black_or_dark"", ""is_named"", ""intake_year"", ""intake_month"", ""covid_period"", ""daily_temp_max"", ""daily_temp_min"", ""daily_precipitation"", ""is_extreme_heat"", ""is_rainy_day"", ""animal_311_requests_7d"", ""animal_311_requests_30d"", ""intake_volume_7d"", ""intake_volume_30d""]",classification_target,none,none,time,True,2013-2021,2022,2023,2024-2025,42,dev,2026-06-09T15:47:02.779296+00:00,1064cabc7f7ca4c0273d70e77857bd6ca8a48623,"{""pandas"": ""2.3.3"", ""scikit-learn"": ""1.8.0"", ""catboost"": ""1.2.10"", ""numpy"": ""2.4.6""}",models\classification\cats\logistic_regression.joblib
intake_condition_infrequent_sklearn,-1.3031840526618575e-05,1.3031840526618575e-05,0.0,1.0,1.0,logistic_regression,classification,cats,tmp.csv,2fd574a91a78f6965d97d32d07c37f14c324872555abfbf1d5f2d7b186c596e2,"[""animal_type"", ""intake_type"", ""intake_condition"", ""sex_upon_intake"", ""age_days"", ""age_group"", ""primary_breed"", ""simplified_breed_group"", ""primary_color"", ""simplified_color_group"", ""is_black_or_dark"", ""is_named"", ""intake_year"", ""intake_month"", ""covid_period"", ""daily_temp_max"", ""daily_temp_min"", ""daily_precipitation"", ""is_extreme_heat"", ""is_rainy_day"", ""animal_311_requests_7d"", ""animal_311_requests_30d"", ""intake_volume_7d"", ""intake_volume_30d""]",classification_target,none,none,time,True,2013-2021,2022,2023,2024-2025,42,dev,2026-06-09T15:47:02.779296+00:00,1064cabc7f7ca4c0273d70e77857bd6ca8a48623,"{""pandas"": ""2.3.3"", ""scikit-learn"": ""1.8.0"", ""catboost"": ""1.2.10"", ""numpy"": ""2.4.6""}",models\classification\cats\logistic_regression.joblib
sex_upon_intake_infrequent_sklearn,-1.3031840526618575e-05,1.3031840526618575e-05,0.0,1.0,1.0,logistic_regression,classification,cats,tmp.csv,2fd574a91a78f6965d97d32d07c37f14c324872555abfbf1d5f2d7b186c596e2,"[""animal_type"", ""intake_type"", ""intake_condition"", ""sex_upon_intake"", ""age_days"", ""age_group"", ""primary_breed"", ""simplified_breed_group"", ""primary_color"", ""simplified_color_group"", ""is_black_or_dark"", ""is_named"", ""intake_year"", ""intake_month"", ""covid_period"", ""daily_temp_max"", ""daily_temp_min"", ""daily_precipitation"", ""is_extreme_heat"", ""is_rainy_day"", ""animal_311_requests_7d"", ""animal_311_requests_30d"", ""intake_volume_7d"", ""intake_volume_30d""]",classification_target,none,none,time,True,2013-2021,2022,2023,2024-2025,42,dev,2026-06-09T15:47:02.779296+00:00,1064cabc7f7ca4c0273d70e77857bd6ca8a48623,"{""pandas"": ""2.3.3"", ""scikit-learn"": ""1.8.0"", ""catboost"": ""1.2.10"", ""numpy"": ""2.4.6""}",models\classification\cats\logistic_regression.joblib
age_group_infrequent_sklearn,-1.3031840526618575e-05,1.3031840526618575e-05,0.0,1.0,1.0,logistic_regression,classification,cats,tmp.csv,2fd574a91a78f6965d97d32d07c37f14c324872555abfbf1d5f2d7b186c596e2,"[""animal_type"", ""intake_type"", ""intake_condition"", ""sex_upon_intake"", ""age_days"", ""age_group"", ""primary_breed"", ""simplified_breed_group"", ""primary_color"", ""simplified_color_group"", ""is_black_or_dark"", ""is_named"", ""intake_year"", ""intake_month"", ""covid_period"", ""daily_temp_max"", ""daily_temp_min"", ""daily_precipitation"", ""is_extreme_heat"", ""is_rainy_day"", ""animal_311_requests_7d"", ""animal_311_requests_30d"", ""intake_volume_7d"", ""intake_volume_30d""]",classification_target,none,none,time,True,2013-2021,2022,2023,2024-2025,42,dev,2026-06-09T15:47:02.779296+00:00,1064cabc7f7ca4c0273d70e77857bd6ca8a48623,"{""pandas"": ""2.3.3"", ""scikit-learn"": ""1.8.0"", ""catboost"": ""1.2.10"", ""numpy"": ""2.4.6""}",models\classification\cats\logistic_regression.joblib
primary_breed_infrequent_sklearn,-1.3031840526618575e-05,1.3031840526618575e-05,0.0,1.0,1.0,logistic_regression,classification,cats,tmp.csv,2fd574a91a78f6965d97d32d07c37f14c324872555abfbf1d5f2d7b186c596e2,"[""animal_type"", ""intake_type"", ""intake_condition"", ""sex_upon_intake"", ""age_days"", ""age_group"", ""primary_breed"", ""simplified_breed_group"", ""primary_color"", ""simplified_color_group"", ""is_black_or_dark"", ""is_named"", ""intake_year"", ""intake_month"", ""covid_period"", ""daily_temp_max"", ""daily_temp_min"", ""daily_precipitation"", ""is_extreme_heat"", ""is_rainy_day"", ""animal_311_requests_7d"", ""animal_311_requests_30d"", ""intake_volume_7d"", ""intake_volume_30d""]",classification_target,none,none,time,True,2013-2021,2022,2023,2024-2025,42,dev,2026-06-09T15:47:02.779296+00:00,1064cabc7f7ca4c0273d70e77857bd6ca8a48623,"{""pandas"": ""2.3.3"", ""scikit-learn"": ""1.8.0"", ""catboost"": ""1.2.10"", ""numpy"": ""2.4.6""}",models\classification\cats\logistic_regression.joblib
is_named_infrequent_sklearn,-1.3031840526618575e-05,1.3031840526618575e-05,0.0,1.0,1.0,logistic_regression,classification,cats,tmp.csv,2fd574a91a78f6965d97d32d07c37f14c324872555abfbf1d5f2d7b186c596e2,"[""animal_type"", ""intake_type"", ""intake_condition"", ""sex_upon_intake"", ""age_days"", ""age_group"", ""primary_breed"", ""simplified_breed_group"", ""primary_color"", ""simplified_color_group"", ""is_black_or_dark"", ""is_named"", ""intake_year"", ""intake_month"", ""covid_period"", ""daily_temp_max"", ""daily_temp_min"", ""daily_precipitation"", ""is_extreme_heat"", ""is_rainy_day"", ""animal_311_requests_7d"", ""animal_311_requests_30d"", ""intake_volume_7d"", ""intake_volume_30d""]",classification_target,none,none,time,True,2013-2021,2022,2023,2024-2025,42,dev,2026-06-09T15:47:02.779296+00:00,1064cabc7f7ca4c0273d70e77857bd6ca8a48623,"{""pandas"": ""2.3.3"", ""scikit-learn"": ""1.8.0"", ""catboost"": ""1.2.10"", ""numpy"": ""2.4.6""}",models\classification\cats\logistic_regression.joblib
primary_color_infrequent_sklearn,-1.3031840526618575e-05,1.3031840526618575e-05,0.0,1.0,1.0,logistic_regression,classification,cats,tmp.csv,2fd574a91a78f6965d97d32d07c37f14c324872555abfbf1d5f2d7b186c596e2,"[""animal_type"", ""intake_type"", ""intake_condition"", ""sex_upon_intake"", ""age_days"", ""age_group"", ""primary_breed"", ""simplified_breed_group"", ""primary_color"", ""simplified_color_group"", ""is_black_or_dark"", ""is_named"", ""intake_year"", ""intake_month"", ""covid_period"", ""daily_temp_max"", ""daily_temp_min"", ""daily_precipitation"", ""is_extreme_heat"", ""is_rainy_day"", ""animal_311_requests_7d"", ""animal_311_requests_30d"", ""intake_volume_7d"", ""intake_volume_30d""]",classification_target,none,none,time,True,2013-2021,2022,2023,2024-2025,42,dev,2026-06-09T15:47:02.779296+00:00,1064cabc7f7ca4c0273d70e77857bd6ca8a48623,"{""pandas"": ""2.3.3"", ""scikit-learn"": ""1.8.0"", ""catboost"": ""1.2.10"", ""numpy"": ""2.4.6""}",models\classification\cats\logistic_regression.joblib
simplified_color_group_infrequent_sklearn,-1.3031840526618575e-05,1.3031840526618575e-05,0.0,1.0,1.0,logistic_regression,classification,cats,tmp.csv,2fd574a91a78f6965d97d32d07c37f14c324872555abfbf1d5f2d7b186c596e2,"[""animal_type"", ""intake_type"", ""intake_condition"", ""sex_upon_intake"", ""age_days"", ""age_group"", ""primary_breed"", ""simplified_breed_group"", ""primary_color"", ""simplified_color_group"", ""is_black_or_dark"", ""is_named"", ""intake_year"", ""intake_month"", ""covid_period"", ""daily_temp_max"", ""daily_temp_min"", ""daily_precipitation"", ""is_extreme_heat"", ""is_rainy_day"", ""animal_311_requests_7d"", ""animal_311_requests_30d"", ""intake_volume_7d"", ""intake_volume_30d""]",classification_target,none,none,time,True,2013-2021,2022,2023,2024-2025,42,dev,2026-06-09T15:47:02.779296+00:00,1064cabc7f7ca4c0273d70e77857bd6ca8a48623,"{""pandas"": ""2.3.3"", ""scikit-learn"": ""1.8.0"", ""catboost"": ""1.2.10"", ""numpy"": ""2.4.6""}",models\classification\cats\logistic_regression.joblib
is_black_or_dark_infrequent_sklearn,-1.3031840526618575e-05,1.3031840526618575e-05,0.0,1.0,1.0,logistic_regression,classification,cats,tmp.csv,2fd574a91a78f6965d97d32d07c37f14c324872555abfbf1d5f2d7b186c596e2,"[""animal_type"", ""intake_type"", ""intake_condition"", ""sex_upon_intake"", ""age_days"", ""age_group"", ""primary_breed"", ""simplified_breed_group"", ""primary_color"", ""simplified_color_group"", ""is_black_or_dark"", ""is_named"", ""intake_year"", ""intake_month"", ""covid_period"", ""daily_temp_max"", ""daily_temp_min"", ""daily_precipitation"", ""is_extreme_heat"", ""is_rainy_day"", ""animal_311_requests_7d"", ""animal_311_requests_30d"", ""intake_volume_7d"", ""intake_volume_30d""]",classification_target,none,none,time,True,2013-2021,2022,2023,2024-2025,42,dev,2026-06-09T15:47:02.779296+00:00,1064cabc7f7ca4c0273d70e77857bd6ca8a48623,"{""pandas"": ""2.3.3"", ""scikit-learn"": ""1.8.0"", ""catboost"": ""1.2.10"", ""numpy"": ""2.4.6""}",models\classification\cats\logistic_regression.joblib
is_extreme_heat_infrequent_sklearn,-1.3031840526618575e-05,1.3031840526618575e-05,0.0,1.0,1.0,logistic_regression,classification,cats,tmp.csv,2fd574a91a78f6965d97d32d07c37f14c324872555abfbf1d5f2d7b186c596e2,"[""animal_type"", ""intake_type"", ""intake_condition"", ""sex_upon_intake"", ""age_days"", ""age_group"", ""primary_breed"", ""simplified_breed_group"", ""primary_color"", ""simplified_color_group"", ""is_black_or_dark"", ""is_named"", ""intake_year"", ""intake_month"", ""covid_period"", ""daily_temp_max"", ""daily_temp_min"", ""daily_precipitation"", ""is_extreme_heat"", ""is_rainy_day"", ""animal_311_requests_7d"", ""animal_311_requests_30d"", ""intake_volume_7d"", ""intake_volume_30d""]",classification_target,none,none,time,True,2013-2021,2022,2023,2024-2025,42,dev,2026-06-09T15:47:02.779296+00:00,1064cabc7f7ca4c0273d70e77857bd6ca8a48623,"{""pandas"": ""2.3.3"", ""scikit-learn"": ""1.8.0"", ""catboost"": ""1.2.10"", ""numpy"": ""2.4.6""}",models\classification\cats\logistic_regression.joblib
covid_period_infrequent_sklearn,-1.3031840526618575e-05,1.3031840526618575e-05,0.0,1.0,1.0,logistic_regression,classification,cats,tmp.csv,2fd574a91a78f6965d97d32d07c37f14c324872555abfbf1d5f2d7b186c596e2,"[""animal_type"", ""intake_type"", ""intake_condition"", ""sex_upon_intake"", ""age_days"", ""age_group"", ""primary_breed"", ""simplified_breed_group"", ""primary_color"", ""simplified_color_group"", ""is_black_or_dark"", ""is_named"", ""intake_year"", ""intake_month"", ""covid_period"", ""daily_temp_max"", ""daily_temp_min"", ""daily_precipitation"", ""is_extreme_heat"", ""is_rainy_day"", ""animal_311_requests_7d"", ""animal_311_requests_30d"", ""intake_volume_7d"", ""intake_volume_30d""]",classification_target,none,none,time,True,2013-2021,2022,2023,2024-2025,42,dev,2026-06-09T15:47:02.779296+00:00,1064cabc7f7ca4c0273d70e77857bd6ca8a48623,"{""pandas"": ""2.3.3"", ""scikit-learn"": ""1.8.0"", ""catboost"": ""1.2.10"", ""numpy"": ""2.4.6""}",models\classification\cats\logistic_regression.joblib
is_rainy_day_infrequent_sklearn,-1.3031840526618575e-05,1.3031840526618575e-05,0.0,1.0,1.0,logistic_regression,classification,cats,tmp.csv,2fd574a91a78f6965d97d32d07c37f14c324872555abfbf1d5f2d7b186c596e2,"[""animal_type"", ""intake_type"", ""intake_condition"", ""sex_upon_intake"", ""age_days"", ""age_group"", ""primary_breed"", ""simplified_breed_group"", ""primary_color"", ""simplified_color_group"", ""is_black_or_dark"", ""is_named"", ""intake_year"", ""intake_month"", ""covid_period"", ""daily_temp_max"", ""daily_temp_min"", ""daily_precipitation"", ""is_extreme_heat"", ""is_rainy_day"", ""animal_311_requests_7d"", ""animal_311_requests_30d"", ""intake_volume_7d"", ""intake_volume_30d""]",classification_target,none,none,time,True,2013-2021,2022,2023,2024-2025,42,dev,2026-06-09T15:47:02.779296+00:00,1064cabc7f7ca4c0273d70e77857bd6ca8a48623,"{""pandas"": ""2.3.3"", ""scikit-learn"": ""1.8.0"", ""catboost"": ""1.2.10"", ""numpy"": ""2.4.6""}",models\classification\cats\logistic_regression.joblib
intake_year,-6.894562017201075e-07,6.894562017201075e-07,0.0,1.0,1.0,logistic_regression,classification,cats,tmp.csv,2fd574a91a78f6965d97d32d07c37f14c324872555abfbf1d5f2d7b186c596e2,"[""animal_type"", ""intake_type"", ""intake_condition"", ""sex_upon_intake"", ""age_days"", ""age_group"", ""primary_breed"", ""simplified_breed_group"", ""primary_color"", ""simplified_color_group"", ""is_black_or_dark"", ""is_named"", ""intake_year"", ""intake_month"", ""covid_period"", ""daily_temp_max"", ""daily_temp_min"", ""daily_precipitation"", ""is_extreme_heat"", ""is_rainy_day"", ""animal_311_requests_7d"", ""animal_311_requests_30d"", ""intake_volume_7d"", ""intake_volume_30d""]",classification_target,none,none,time,True,2013-2021,2022,2023,2024-2025,42,dev,2026-06-09T15:47:02.779296+00:00,1064cabc7f7ca4c0273d70e77857bd6ca8a48623,"{""pandas"": ""2.3.3"", ""scikit-learn"": ""1.8.0"", ""catboost"": ""1.2.10"", ""numpy"": ""2.4.6""}",models\classification\cats\logistic_regression.joblib
